<?xml version="1.0" encoding="UTF-8"?>
<project-private xmlns="http://www.netbeans.org/ns/project-private/1">
    <editor-bookmarks xmlns="http://www.netbeans.org/ns/editor-bookmarks/2" lastBookmarkId="1">
        <file>
            <url>src/lab2/Student.java</url>
            <bookmark id="1">
                <name/>
                <line>89</line>
                <key/>
            </bookmark>
        </file>
    </editor-bookmarks>
    <open-files xmlns="http://www.netbeans.org/ns/projectui-open-files/2">
        <group>
            <file>file:/N:/1ADPROG/Java/Week4/Lab2/src/lab2/Main.java</file>
            <file>file:/N:/1ADPROG/Java/Week4/Lab2/src/lab2/Student.java</file>
            <file>file:/N:/1ADPROG/Java/Week4/Lab2/src/lab2/Course.java</file>
        </group>
    </open-files>
</project-private>
